source,string
GameAssembly.dll,) to the right. This helps to break up symmetries and makes it possible to resolve some situations much faster.
GameAssembly.dll,ARMOR_LUCKY_POINT
GameAssembly.dll,ARMOR_REFINE_LEVEL_NOT_ENOUGH
GameAssembly.dll,Assembly-CSharp:Dream.Cameras.DistanceProtect/ClipPlaneVertexes
GameAssembly.dll,Break
GameAssembly.dll,Cannot marshal field 'm_ParticleSystem' of type 'InheritVelocityModule': Reference type field marshaling is not supported.
GameAssembly.dll,DefaultMembersSearchFlags is obsolete. To modify the members serialized inherit from DefaultContractResolver and override the GetSerializableMembers method instead.
GameAssembly.dll,EQUIPMENT_ADVANCE_INHERIT_NOT_AVAILABLE
GameAssembly.dll,EQUIPMENT_INHERIT_NONE_APPRAISAL
GameAssembly.dll,EQUIPMENT_REFINE_ALLREADY_MAX_LEVEL
GameAssembly.dll,EQUIPMENT_REFINE_COST_NOT_ENOUGH
GameAssembly.dll,EQUIPMENT_REFINE_INVALID_EQUIPMENT_TO_REFINE
GameAssembly.dll,EQUIPMENT_REFINE_LUCKY_POINT_NOT_ENOUGH
GameAssembly.dll,EQUIPMENT_REFINE_NOT_SUIT_TO_SWAP
GameAssembly.dll,EQUIPMENT_REFINE_RANGE_LIMIT
GameAssembly.dll,GUILD_PRAY_EXCHANGE_IN_CD
GameAssembly.dll,Human readable name of the action. Must be unique within its action map (case is ignored). Can be changed without breaking references to the action.
GameAssembly.dll,Includes the parent bone's lossy world scale. BoneFollower cannot inherit rotated/skewed scale because of UnityEngine.Transform property limitations.
GameAssembly.dll,JEWELERY_LUCKY_POINT
GameAssembly.dll,JEWELERY_REFINE_LEVEL_NOT_ENOUGH
GameAssembly.dll,LUCKY
GameAssembly.dll,LUCKY_DIAMOND
GameAssembly.dll,MESSAGE_ID_2_CLIENT_PET_ADVANCED_INHERIT_REQUEST
GameAssembly.dll,MESSAGE_ID_2_CLIENT_PINNACLE_RACE_EQUIPMENT_REFINE_REQUEST
GameAssembly.dll,MESSAGE_ID_2_TO_CLIENT_PINNACLE_RACE_EQUIPMENT_REFINE_RESPONSE
GameAssembly.dll,MESSAGE_ID_2_TO_GLOBAL_POKER_PHANTOM_GET_JOKER_LUCKY_REWARD_REQUEST
GameAssembly.dll,MESSAGE_ID_2_TO_POKER_PHANTOM_GET_JOKER_LUCKY_REWARD_RESPONSE
GameAssembly.dll,MESSAGE_ID_CLIENT_BREAK_AWAY_REQUEST
GameAssembly.dll,MESSAGE_ID_CLIENT_DYNAMIC_ACTIVITY_PRAY_REQUEST
GameAssembly.dll,MESSAGE_ID_CLIENT_EQUIPMENT_INHERIT_APPRAISAL_REQUEST
GameAssembly.dll,MESSAGE_ID_CLIENT_EQUIPMENT_REFINE_LEVEL_SWAP_REQUEST
GameAssembly.dll,MESSAGE_ID_CLIENT_EQUIPMENT_REFINE_REQUEST
GameAssembly.dll,MESSAGE_ID_CLIENT_EXCHANGE_GUILD_PRAY_REQUEST
GameAssembly.dll,MESSAGE_ID_CLIENT_GET_GASHAPON_LUCKY_DRAW_ALL_REQUEST
GameAssembly.dll,MESSAGE_ID_CLIENT_GET_GASHAPON_LUCKY_DRAW_CURRENT_REQUEST
GameAssembly.dll,MESSAGE_ID_CLIENT_GET_GASHAPON_LUCKY_DRAW_REMIND_REQUEST
GameAssembly.dll,MESSAGE_ID_CLIENT_GUILD_PRAY_REQUEST
GameAssembly.dll,MESSAGE_ID_CLIENT_SHADOW_WEAPON_INHERITANCE_PRE_COST_REQUEST
GameAssembly.dll,MESSAGE_ID_CLIENT_SHADOW_WEAPON_INHERITANCE_REQUEST
GameAssembly.dll,MESSAGE_ID_CLIENT_STAR_LIST_BUY_SUPPORT_TICKET_REQUEST
GameAssembly.dll,MESSAGE_ID_CLIENT_TEST_BREAK_EQUIPMENTS_REQUEST
GameAssembly.dll,MESSAGE_ID_CLIENT_TEST_LUCKY_DRAW_ADD_TALLY_REQUEST
GameAssembly.dll,MESSAGE_ID_CLIENT_TOWER_SPRING_PRAY_REQUEST
GameAssembly.dll,MESSAGE_ID_TO_CLIENT_BREAK_AWAY_RESPONSE
GameAssembly.dll,MESSAGE_ID_TO_CLIENT_EQUIPMENT_INHERIT_APPRAISAL_RESPONSE
GameAssembly.dll,MESSAGE_ID_TO_CLIENT_EQUIPMENT_REFINE_RESPONSE
GameAssembly.dll,MESSAGE_ID_TO_CLIENT_EQUIP_REFINE_AOI_RESULT_NOTIFY
GameAssembly.dll,MESSAGE_ID_TO_CLIENT_EXCHANGE_GUILD_PRAY_RESPONSE
GameAssembly.dll,MESSAGE_ID_TO_CLIENT_GASHAPON_LUCKY_DRAW_ALL_NOTIFY
GameAssembly.dll,MESSAGE_ID_TO_CLIENT_GASHAPON_LUCKY_DRAW_CURRENT_NOTIFY
GameAssembly.dll,MESSAGE_ID_TO_CLIENT_GASHAPON_LUCKY_DRAW_LOTTERY_NOTIFY
GameAssembly.dll,MESSAGE_ID_TO_CLIENT_GUILD_PRAY_RESPONSE
GameAssembly.dll,MESSAGE_ID_TO_CLIENT_REFINE_LV_SWAP_RESPONSE
GameAssembly.dll,MESSAGE_ID_TO_CLIENT_SHADOW_WEAPON_INHERITANCE_PRE_COST_RESPONSE
GameAssembly.dll,MESSAGE_ID_TO_CLIENT_SHADOW_WEAPON_INHERITANCE_RESPONSE
GameAssembly.dll,MESSAGE_ID_TO_FRIEND_LUCKY_DRAW_ADD_TALLY_REQUEST
GameAssembly.dll,MESSAGE_ID_TO_FRIEND_LUCKY_DRAW_ALL_REQUEST
GameAssembly.dll,MESSAGE_ID_TO_FRIEND_LUCKY_DRAW_CURRENT_REQUEST
GameAssembly.dll,MESSAGE_ID_TO_FRIEND_LUCKY_DRAW_INIT_REQUEST
GameAssembly.dll,MESSAGE_ID_TO_FRIEND_LUCKY_DRAW_REMIND_REQUEST
GameAssembly.dll,MESSAGE_ID_TO_GAME_LUCKY_DRAW_ADD_TALLY_RESPONSE
GameAssembly.dll,MESSAGE_ID_TO_GAME_LUCKY_DRAW_ALL_RESPONSE
GameAssembly.dll,MESSAGE_ID_TO_GAME_LUCKY_DRAW_CURRENT_RESPONSE
GameAssembly.dll,MESSAGE_ID_TO_GAME_LUCKY_DRAW_REMIND_RESPONSE
GameAssembly.dll,NEED_DOUBLE_TICKET
GameAssembly.dll,NEED_SINGLE_TICKET
GameAssembly.dll,Pause/Break
GameAssembly.dll,RAID_TICKET_NOT_ENOUGH
GameAssembly.dll,SEAT_IN_TIME_PROTECTION
GameAssembly.dll,STAR_LIST_REWARD_NOT_ENOUGH_TICKET
GameAssembly.dll,"Thread.Resume has been deprecated.  Please use other classes in System.Threading, such as Monitor, Mutex, Event, and Semaphore, to synchronize Threads or protect resources.  http://go.microsoft.com/fwlink/?linkid=14202"
GameAssembly.dll,"Thread.Suspend has been deprecated.  Please use other classes in System.Threading, such as Monitor, Mutex, Event, and Semaphore, to synchronize Threads or protect resources.  http://go.microsoft.com/fwlink/?linkid=14202"
GameAssembly.dll,Unique ID of the action (GUID). Used to reference the action from bindings such that actions can be renamed without breaking references.
GameAssembly.dll,UnityEngine.CanvasRenderer::GetInheritedAlpha()
GameAssembly.dll,UnityEngine.Debug::Break()
GameAssembly.dll,UnityEngine.Debug::DebugBreak()
GameAssembly.dll,UnityEngine.Joint2D::get_breakForce()
GameAssembly.dll,UnityEngine.Joint2D::get_breakTorque()
GameAssembly.dll,UnityEngine.Joint2D::set_breakForce(System.Single)
GameAssembly.dll,UnityEngine.Joint2D::set_breakTorque(System.Single)
GameAssembly.dll,UnityEngine.Joint::get_breakForce()
GameAssembly.dll,UnityEngine.Joint::get_breakTorque()
GameAssembly.dll,UnityEngine.Joint::set_breakForce(System.Single)
GameAssembly.dll,UnityEngine.Joint::set_breakTorque(System.Single)
GameAssembly.dll,UnityEngine.ParticleSystem/InheritVelocityModule
GameAssembly.dll,UnityEngine.ParticleSystem/InheritVelocityModule::get_curveMultiplier_Injected(UnityEngine.ParticleSystem/InheritVelocityModule&)
GameAssembly.dll,"UnityEngine.ParticleSystem/InheritVelocityModule::get_curve_Injected(UnityEngine.ParticleSystem/InheritVelocityModule&,UnityEngine.ParticleSystem/MinMaxCurve&)"
GameAssembly.dll,UnityEngine.ParticleSystem/InheritVelocityModule::get_enabled_Injected(UnityEngine.ParticleSystem/InheritVelocityModule&)
GameAssembly.dll,UnityEngine.ParticleSystem/InheritVelocityModule::get_mode_Injected(UnityEngine.ParticleSystem/InheritVelocityModule&)
GameAssembly.dll,"UnityEngine.ParticleSystem/InheritVelocityModule::set_curveMultiplier_Injected(UnityEngine.ParticleSystem/InheritVelocityModule&,System.Single)"
GameAssembly.dll,"UnityEngine.ParticleSystem/InheritVelocityModule::set_curve_Injected(UnityEngine.ParticleSystem/InheritVelocityModule&,UnityEngine.ParticleSystem/MinMaxCurve&)"
GameAssembly.dll,"UnityEngine.ParticleSystem/InheritVelocityModule::set_enabled_Injected(UnityEngine.ParticleSystem/InheritVelocityModule&,System.Boolean)"
GameAssembly.dll,"UnityEngine.ParticleSystem/InheritVelocityModule::set_mode_Injected(UnityEngine.ParticleSystem/InheritVelocityModule&,UnityEngine.ParticleSystemInheritVelocityMode)"
GameAssembly.dll,UnityEngine.ParticleSystem/TrailModule::get_inheritParticleColor_Injected(UnityEngine.ParticleSystem/TrailModule&)
GameAssembly.dll,"UnityEngine.ParticleSystem/TrailModule::set_inheritParticleColor_Injected(UnityEngine.ParticleSystem/TrailModule&,System.Boolean)"
GameAssembly.dll,VirtualProtect
GameAssembly.dll,WEAPON_LUCKY_POINT
GameAssembly.dll,WEAPON_REFINE_LEVEL_NOT_ENOUGH
GameAssembly.dll,break
GameAssembly.dll,"gameObject.SetActiveRecursively() is obsolete. Use GameObject.SetActive(), which is now inherited by children."
global-metadata.dat,"&amp;&lt;&gt;&apos;&quot;%r%n%t message=""$(string.)""Multiple definitions for string ""{0}"".<instrumentationManifest xmlns=""http://schemas.microsoft.com/win/2004/08/events""> <instrumentation xmlns:xs=""http://www.w3.org/2001/XMLSchema"" xmlns:xsi=""http://www.w3.org/2001/XMLSchema-instance"" xmlns:win=""http://manifests.microsoft.com/win/2004/08/windows/events"">  <events xmlns=""http://schemas.microsoft.com/win/2004/08/events""><provider name="""" guid=""{"" resourceFileName="""" messageFileName="""" symbol=""The event has been disposed.spinCountThe spinCount argument must be in the range 0 to {0}, inclusive.There are too many threads currently waiting on the event. A maximum of {0} waiting threads are supported.SetValue is not implemented for map fieldsKey already exists in mapentriesKey is nullUI/Effects/SmallMapTarget.prefabselect/select2Icons/MapNpcIcon/Icons/MapNpcIcon/icon_NPC_0Icons/MapIndication/roadLinePoint.prefabNot enough space in the arrayThe requested type needs to inherit from ScriptableObject and implement IMarkerMarkers implementing the INotification interface cannot be added on tracks that do not support notificationsSupplied type must be a ScriptableObjectMarshaling directives are invalid.pUnkMarshal.CreateWrapperOfType is not implemented.ProgIdAttributeMSDN states user code should never need to call this method.Type is not a delegateThe specified Type must not be a generic type definition.cVarscVars cannot be a negative number.Value must be a Com object.Attempting to use a stencil mask with depth > 8MaskableGraphic.cullingChangedstartatStart index cannot be less than 0 or greater than input length.[{0}]-networkId:0x{1},name:{2},averageEloScore:{3},maxSize:{4},currentSize:{5},isPrivate:{6},matchAttributes.Count:{7},hostNodeId:{8},directConnectInfos.Count:{9}[{0}]-nodeId:{1},publicAddress:{2},privateAddress:{3},hostPriority:{4}{0} @ {1}:{2} [{3},{4}]Result cannot be called on a failed Match. ********************************* MESH IS NULL****************MESH NOT NULL"
global-metadata.dat,"no such file '{0}' in streamingAssetsPath!c# exception in LoadFromStreamingAssetsPath:c# exception in LuaGC:#2 param need a System.Type!c# exception in MetaFuncIndex:unprotected error in call to Lua API ({0})c# exception in ReleaseCsObject: c# exception in StaticCSFunction:ToFunction: #1 argument must be a MethodBasec# exception in ToFunction: <invalid c# object>c# exception in ToString:xlua.access, #1 parameter must a type/c# object/stringxlua.access, can not find c# typexlua.access, no field c# exception in xlua.access: xlua.metatable_operation, can not find c# typeargument #2 must be a tableinvalid argument num for xlua.metatable_operation: c# exception in xlua.metatable_operation: xlua.private_accessible, can not find c# typec# exception in xlua.private_accessible: UnderlyingSystemTypeStaticTransformConfigRecursive type definition is not supported.Enum type {0} underlying type {1} is not supported for serialization.The API supports only anonymous types or types decorated with the EventDataAttribute. Non-compliant type: {0} dataType.Material  doesn't have _Stencil property doesn't have _StencilOp property doesn't have _StencilComp property doesn't have _StencilReadMask property doesn't have _StencilWriteMask property_ColorMask doesn't have _ColorMask propertyStencil Id:{0}, Op:{1}, Comp:{2}, WriteMask:{3}, ReadMask:{4}, ColorMask:{5} AlphaClip:{6} ({7})_UseUIAlphaClipUNITY_UI_ALPHACLIPstepCounterStickDeadzone(min={0},max={1})StoreFieldStoreLocalBoxStoreLocalStoreStaticFieldThe stream is currently in use by a previous operation on the stream.Empty path name is not legal.Either the IAsyncResult object did not come from the corresponding async method on this type, or EndRead was called multiple times with the same IAsyncResult.Either the IAsyncResult object did not come from the corresponding async method on this type, or EndWrite was called multiple times with the same IAsyncResult.Timeouts are not supported on this stream._strIndex (zero based) must be greater tha"
global-metadata.dat,break
global-metadata.dat,"Download - request time outRaw data access is not supported for asset bundlesString access is not supported for asset bundlesString access is not supported for audio clipsRaw data access is not supportedString access is not supportedString access is not supported for moviesCannot create a preallocated-buffer DownloadHandlerScript backed by a null or zero-length arrayCannot get content from a null UnityWebRequest objectCannot get content from an unfinished UnityWebRequest objectcharsetUnsupported encoding '{0}': {1}com.unity3d.player.UnityPlayercurrentActivitycom.bytedance.hades.tgrp.impl.TGRPServiceImplcom.bytedance.hades.downloader.impl.DownloaderImpljavaClass is null!!unityInitInstanceInitAndroid failed, exception:Unity download InitLoomDownloadMultiCPPInfo json to cppInfo errorMsg:onMultiStartonMultiPauseonMultiDeleteonMultiProgressonMultiSuccessonMultiFaileddownloader_multiSubscribedownloader_multiUnSubscribedownloader_queryDownloadMultiInfoconfigInfosshowNotificationnotificationNameautoResumemultiConfigdownloader_obtainDownloadMultiTaskdownloader_obtainDownloadTask1.8.0.21downloader_getDownloadingTaskCountMaxGetSdkVersion Error:depend param error:Downloader.TGRPServicefound TGRP, please use ITGRPService.InitDownloadService InitURLfileNamefilePathmd5ValueexpectFileLengthenableBackgroundDownloadForIOSretryCounttaskKeystartOffsetendOffseturlListspreCheckFileLengthmaxTaskCountdownloader_setDownloadingTaskCountMaxdownloader_eventdownloader_multiEventerrorextraErrorCodeextraErrorMessageadditionalInfocurrentUrlstatusCodedownloadedFilePathinputFileNametotalSizedownloadedSizeprogressdownloadSpeedeventNamedownloader_queryDownloadInfoDictionary parse json failed, msg = /\ (and  more)invalid arguments to DragonAnimatorCtrl constructor!SetCallbackNewGetSelfSeatPlayPathAnimationPlayDragonAnimationDragonPathAniDragonObjAniEffectParentRenderTypeThe target object has a null material!Standard_ALPHABLEND_ON_ALPHATEST_ON_ALPHAPREMULTIPLY_ONTransparentThe target object does not hav"
global-metadata.dat,"*********************SAVE END*************************2.5.4.6methodsintboolfloatdoublevoidstringSystem.Collections.Generic.List<[]<no method>CreateDelegate[{0}]-name:{1},size:{2},publicAddress:{3},privateAddress:{4},eloScore:{5},advertise:{6},HasPassword:{7},matchAttributes.Count:{8}YESNO[{0}]-address:{1},port:{2},networkId:0x{3},accessTokenString.IsEmpty:{4},nodeId:0x{5},usingRelay:{6}isRootDebugRootMONOCADCan't create a named channel via crossappdomainProcessMessageInDomainAnimator is nullsystem.security.cryptography.dsacryptoserviceprovidersystem.security.cryptography.dsadsasystem.security.cryptography.dsasignaturedeformattersystem.security.cryptography.dsasignatureformattersystem.security.cryptography.dsasignaturedescriptionhttp://www.w3.org/2000/09/xmldsig#dsa-sha1system.security.cryptography.descryptoserviceprovidersystem.security.cryptography.desdessystem.security.cryptography.hmacmd5hmacmd5system.security.cryptography.hmacripemd160hmacripemd160http://www.w3.org/2001/04/xmldsig-more#hmac-ripemd160system.security.cryptography.keyedhashalgorithmsystem.security.cryptography.hmacsystem.security.cryptography.hmacsha1hmacsha1system.security.cryptography.hmacsha256hmacsha256http://www.w3.org/2001/04/xmldsig-more#hmac-sha256system.security.cryptography.hmacsha384hmacsha384http://www.w3.org/2001/04/xmldsig-more#hmac-sha384system.security.cryptography.hmacsha512hmacsha512http://www.w3.org/2001/04/xmldsig-more#hmac-sha512system.security.cryptography.mactripledesmactripledessystem.security.cryptography.md5cryptoserviceprovidersystem.security.cryptography.md5system.security.cryptography.rc2cryptoserviceprovidersystem.security.cryptography.rc2rc2system.security.cryptography.symmetricalgorithmsystem.security.cryptography.rijndaelmanagedsystem.security.cryptography.rijndaelrijndaelsystem.security.cryptography.ripemd160managedsystem.security.cryptography.ripemd160ripemd-160ripemd160system.security.cryptography.rngcryptoserviceprovidersystem.security.cryptography.randomnumberg"
global-metadata.dat,:    89IMESelectedOEM1OEM2OEM3OEM4OEM5AaltAltanyKeyAny KeyBbackquote`backslashBackspaceCcapsLockCaps LockcommacontextMenuContext MenuctrlControldownArrowDown ArrowEenterEnterequalsescapeEscapeF10F11F12F1F2F4F5F6F7F8F9fhHomeIInsertjkKlLleftAltLeft AltleftArrowLeft ArrowleftBracketleftCtrlLeft ControlleftMetaLeft SystemleftShiftLeft ShiftmminusnNnumLockNum Locknumpad0Numpad 0numpad1Numpad 1numpad2Numpad 2numpad3Numpad 3numpad4Numpad 4numpad5Numpad 5numpad6Numpad 6numpad7Numpad 7numpad8Numpad 8numpad9Numpad 9numpadDivideNumpad /numpadEnterNumpad EnternumpadEqualsNumpad =numpadMinusNumpad -numpadMultiplyNumpad *numpadPeriodNumpad .numpadPlusNumpad +oOpageDownPage DownpageUpPage UppausePause/BreakperiodprintScreenPrint ScreenqquoterightAltRight AltrightArrowRight ArrowrightBracketrightCtrlRight ControlrightMetaRight SystemrightShiftRight ShiftscrollLockScroll LocksemicolonshiftShiftslashSpaceTabuUupArrowUp ArrowvVKeyboardAnyKeyDiscreteButtonAltGrLeftWindowsLeftAppleLeftCommandRightWindowsRightAppleRightCommandbackButtonclickCountClick CountdeltaDeltaDelta DownDelta LeftDelta RightDelta UpDelta XDelta YforwardButtonleftButtonLeft ButtonLMBmiddleButtonMiddle ButtonMMBpointerIdPosition XPosition YpressPresspressureradiusRadiusRadius XRadius YrightButtonRight ButtonRMBscrollScrollScroll DownScroll LeftScroll RightScroll UpScroll Left/RightScroll Up/DownScroll WheelVector2AxisDigitalIntegerhorizontalverticalShaders/Outline/Outline.shader_LineThickness_OutlineColorprimaryTouchPrimary TouchPrimary Touch DeltaPrimary Touch Primary Touch Delta DownPrimary Touch Primary Touch Delta LeftPrimary Touch Primary Touch Delta RightPrimary Touch Primary Touch Delta UpPrimary Touch Primary Touch Delta XPrimary Touch Primary Touch Delta YindirectTouchPrimary Touch Indirect Touch?phasePrimary Touch Touch PhasePrimary Touch PositionPrimary Touch Primary Touch Position XPrimary Touch Primary Touch Position YPrimary Touch Touch Contact?Primary Touch PressurePrimary Touch RadiusPrimary Touch Pri
global-metadata.dat,": pos:{0},{1},{2}GetHangPosition Error(can not found hang type): Actor OnRelease Error:refineEffect15Actor Load:"
global-metadata.dat,<BreakLabel>k__BackingField
global-metadata.dat,<FindGraphWhichInheritsFrom>b__0
global-metadata.dat,ApplicationBreak
global-metadata.dat,ApplicationDebuggerBreak
global-metadata.dat,AreAccessRulesProtected
global-metadata.dat,AreAuditRulesProtected
global-metadata.dat,ArmorLuckyPoint
global-metadata.dat,ArmorRefineLevelNotEnough
global-metadata.dat,AutoPathing CompletedUpdateTransform_Alphapredictor must be a Component!Base LayerBreakavatar/AvatarColorInfo
global-metadata.dat,"Binary Heap size at completion: Could not find start node for multi target pathCouldn't find a valid node close to the any of the end pointsNo target nodes could be traversedThere are no valid paths to the targetsShould not happenThe targets array must have the same length as the callbackDelegates arrayNo targets were assigned to the MultiTargetPathAttempted to add multiple callbacks to a delegate that does not support multicast.Cannot create a multipart form data section without body dataencoding=; encoding=text/plainCannot create a multipart form file section without body datafile.txttext/plain; charset=file.datIllegal node ID set as an input for Animated.multiply nodeserverTime:,clientTime:,aniSpeedInvalid HumanPartDof for a finger.Invalid HumanPartDof for a leg, please use either HumanPartDof.LeftLeg or HumanPartDof.RightLeg.Invalid HumanPartDof for an arm, please use either HumanPartDof.LeftArm or HumanPartDof.RightArm.InitMutableBoxInitMutableValueIcons/NPC/{0}.pngGuildSprite NPCActor Cannot Play DyingAnimation:PetTips_3GVG_ui_tips_041Icons/NpcCamp/UI/Prefabs/Npc/{0}TaskInProgress_3D.prefabUI/Prefabs/Npc/{0}TaskDone_3D.prefabUI/Prefabs/Npc/{0}TaskCanAccept_3D.prefabRoles/NPC/HangBone/{0}.prefabRoles/NPC/Prefab/{0}.prefabRoles/NewNPC/Prefab/{0}.prefabRoles/NPC/Render/{0}.prefabNPCInfoVIPNPCSummonInfoCannot map account name: Unknown typeEmptyExpecting name at position {0} in '{1}'Expecting ')' after '(' at position {0} in '{1}'name  '.\\*.*\\\*\.\*\\([^\.]+|.*\.[^\\\.]*)\.\*\.[^\\\.]*\*.*\?[^\\\.]$Collection is read-only.ReadOnlyHashProvider2.5.4.41Descriptioninvalid nameCannot find public field '' in '' (while trying to apply parameter)parameterString##any##other##targetNamespace##local{0} used in NativeArray<{1}> must be unmanaged (contain no managed types) and cannot itself be a native container type.class NativeGallery does not have a constructor!CheckPermissionRequestPermissionCanOpenSettingsOpenSettingsSaveImageToGallerySaveVideoToGalleryCanSelectMultipleF"
global-metadata.dat,Break
global-metadata.dat,BreakLabel
global-metadata.dat,BreakpointTree
global-metadata.dat,CameraProtect
global-metadata.dat,CameraProtectMask
global-metadata.dat,"Can't find the Renderer: _Hair_Color_Hair_TransparentRoles/Player/Decoration/{0}.prefabUI/Effects/TimeLineCamera.prefab||Roles/Player/Animation/Skill/{0}.animBase Layer.Idle_MBase Layer.Idle_WBase Layer.IdleBase Layer.StandBase Layer.Movement.z_IdleBase Layer.Movement.PreIdleBase Layer.PreIdleBase Layer.PreIdle2uiAvatarIdleuiAvatarActionClothOffsetInfo(Clone)Roles/Player/Cloth/Materials/.mat_Colorz_Idle_Mountz_MoveForward_MountHurtIdleChangeUpper LayerHurtTriggerJumpTriggerFallTriggerStunTriggerSleepTriggerDieTriggerCollectTriggerJumpProgressStunSleepDiePutBackTriggerPullOutTriggerPullingOutWeaponz_SingStart{0}z_Sing{0}z_Skill{0}z_Channel{0}WAnimatorOverrideMoveForwardRoles/Player/Avatar/{0}.overrideControllerRoles/Player/AnimatorController/Weapon/{0}.overrideControllerAxisDeadzone(min={0},max={1})invalid arguments to BGHotFix.LuaScripts.BGLuaScriptManager constructor!SetLuaExceptionReportLuaExceptionReportGetLuaEnvGetScriptEnvOnLuaScriptLoadedDisposeGCGetLuaTableUpdateScriptReplaceLuaSrcTextIsContainsLuaScriptGetLuaScriptTextLoadLuaFileConvertPackageNameToFileFullPathConvertFileFullPathToPackageNameConvertProjectPathToScriptPathConvertScriptPathToPackageName.luaAssets/FoxWorkspace/.txtLua: -------------- mem __indexblock overrun(final={2}): {0} >= threshold ({1})Not a valid BZip2 stream. byte {0}, expected '{1}', got '{2}'BZip2 CRC error (expected {0:X8}, computed {1:X8})BZip2Streamunexpected end of streambad block header at offset 0x{0:X}bad stateoffset ({0}) must be > 0count ({0}) must be > 0offset({0}) count({1}) bLength({2})the stream is not openBZ_DATA_ERRORBZ_DATA_ERROR: cftab[{0}]={1} last={2}stream corruptedblock overrunNo input StreamUnreadable input StreamStream is not BZip2 formatted: illegal blocksize {0:000} PBOS blockSize={0} is out of range; must be between {1} and {2}blockSizeThe stream is not writable.outputBip001 L ClavicleBip001 R ClavicleDummy_spine_LDummy_spine_R_UseLogo_LogoBackSoundEffectsInfoDownloadAllComplete:DownloadLast:SystemInfo.proces"
global-metadata.dat,CarrierSeatProtection
global-metadata.dat,CheckBreak
global-metadata.dat,ClampRayToBounds
global-metadata.dat,ClientBreakAwayRequest
global-metadata.dat,ClientDynamicActivityPrayRequest
global-metadata.dat,ClientEquipmentInheritAppraisalRequest
global-metadata.dat,ClientEquipmentRefineLevelSwapRequest
global-metadata.dat,ClientEquipmentRefineRequest
global-metadata.dat,ClientExchangeGuildPrayRequest
global-metadata.dat,ClientGetGashaponLuckyDrawAllRequest
global-metadata.dat,ClientGetGashaponLuckyDrawCurrentRequest
global-metadata.dat,ClientGetGashaponLuckyDrawRemindRequest
global-metadata.dat,ClientGuildPrayRequest
global-metadata.dat,ClientPetAdvancedInheritRequest
global-metadata.dat,ClientPinnacleRaceEquipmentRefineRequest
global-metadata.dat,ClientShadowWeaponInheritancePreCostRequest
global-metadata.dat,ClientShadowWeaponInheritanceRequest
global-metadata.dat,ClientStarListBuySupportTicketRequest
global-metadata.dat,ClientTestBreakEquipmentsRequest
global-metadata.dat,ClientTestLuckyDrawAddTallyRequest
global-metadata.dat,ClientTowerSpringPrayRequest
global-metadata.dat,CollectActionBreak
global-metadata.dat,ComputeDistanceInInheritanceHierarchy
global-metadata.dat,ContainerInherit
global-metadata.dat,ControlBreak
global-metadata.dat,DProtectCamera`1
global-metadata.dat,DebugBreak
global-metadata.dat,DelaunayRefinement
global-metadata.dat,DiscretionaryAclAutoInheritRequired
global-metadata.dat,DiscretionaryAclAutoInherited
global-metadata.dat,DiscretionaryAclProtected
global-metadata.dat,DistanceProtect
global-metadata.dat,DiveBreak
global-metadata.dat,"DoJumpNumber3DMonsterSoundDistanceMax3DSceneEffectDistanceMaxPathFindingTimeMonsterDistanceBuffLimitsBuffBlinkTimeCameraHideStateIdCameraShowStateIdCantJumpTimelineClientPropCheckSwitchZoomRatioDamageNumberConst1DefaultZoomRatioDamageNumberLimitInOneScreenDamageNumberMaxDistanceDefaultRadiusMinZoomRatioDamageNumberPoolLimitDamageNumberV0DarkTipsTimeCDDarkUnlockRangeDieEffectdisableReviveBuffdistanceOfFashionsTPSkillListForbidBirdSoundSceneFpsCameraFollowSpeedFpsCameraRotateSpeedGPUInstancingBlackListheadImageVersiongvgDeathTimeIntervalUnLoadTimeJobupEffectJobupSoundKillEffectSceneListLevelupEffectLevelupSoundbindNpcHeightbindNpcMumaRandomSoundMvpKillEffectMvpKillSoundNpcStateCDObCameraRotateSpeedObWorldDisMaxObWorldDisMinPartnerSoundHighPartnerSoundLowPlayerHeightPotentialEffIsOpenraidTwoSceneBuffLayerRestRandomSoundRestRevivalItemIdSceneDialogueBubbleCDSeasonBadgeShowLevelShadowClosedWeatherShinEndShinStartTeleportEffectTeleportSound2TeleportSound1UnLoadMaxVoiceRecordSensitiveFilterVoiceRecordUnrecognizedFilterStateCDNpcDynamicIdbindNpcPercentKVConfigSeasonKVConfigIgnoreErrorCodeNo inverse!Invalid KeyAttributesExtension extensionKey Usage=Digital Signature , Non-RepudiationKey EnciphermentData EnciphermentKey AgreementCertificate SigningCRL SigningEncipher Only Decipher OnlyNot Before=Not After=2.5.29.2Key AttributesMutating a key collection derived from a dictionary is not allowed.last-btimevolatile-keysWhile reading registry data at {0}: {1}Could not get root for dir /proc/statbtimeWhile reading system info {0}bytearrayexpandqwordstring-arrayNo access to the given keyWhile loading registry key at {0}: {1}Unknown RegistryHiveunknown valuevalueKindValue could not be converted to specified typevalues.xmlMONO_REGISTRY_PATHmachine.configregistry.mono/registryThis operation is not supported on SortedList nested types because they require modifying the original SortedList.The given key was not present in the dictionary.KeyPairKeyValue<KeyPair>{0}	<Properties>{0}		<Provi"
global-metadata.dat,DreamGameProtectManagerWrap
global-metadata.dat,EnableDistanceProtect
global-metadata.dat,EnableHideActorProtect
global-metadata.dat,EnableOpacityProtect
global-metadata.dat,EnterProtectedMode
global-metadata.dat,EquipListRefineLevelKV
global-metadata.dat,EquipRefineFxInfo
global-metadata.dat,EquipRefineFxInfoMap
global-metadata.dat,EquipRefineFxModel
global-metadata.dat,EquipmentAdvanceInheritNotAvailable
global-metadata.dat,EquipmentInheritNoneAppraisal
global-metadata.dat,EquipmentRefineAOINotify
global-metadata.dat,EquipmentRefineAllreadyMaxLevel
global-metadata.dat,EquipmentRefineCostNotEnough
global-metadata.dat,EquipmentRefineInvalidEquipmentToRefine
global-metadata.dat,EquipmentRefineLuckyPointNotEnough
global-metadata.dat,EquipmentRefineNotSuitToSwap
global-metadata.dat,EquipmentRefineRangeLimit
global-metadata.dat,EquipmentRefineResult
global-metadata.dat,ExchangeGuildPrayRefreshTime
global-metadata.dat,ExchangeGuildPrayRefreshTimeFieldNumber
global-metadata.dat,ExtendedProtectionPolicy
global-metadata.dat,ExtendedProtectionPolicyTypeConverter
global-metadata.dat,FindGraphWhichInheritsFrom
global-metadata.dat,GameLuckyDrawInfo
global-metadata.dat,GameLuckyDrawInfoFieldNumber
global-metadata.dat,GameLuckyDrawLimit
global-metadata.dat,GameObjectUtil does not have a constructor!InstantiateGameObjectFindAllGameObjectsFindGameObjectFindGameObjectStrictlyApplyAllGameObjectsSetLayerRecurDestroyAllChildrenDestroyAllChildrenImmediateGameObjectCheckEqualGameObjectCheckNullGetHierarchyNameResetTransformDontDestroyOnLoadGameObjectReleaseGameObjectinvalid arguments to GameObjectUtil.CreateGameObject!invalid arguments to GameObjectUtil.GetHierarchyName!invalid arguments to GameObjectUtil.ResetTransform![SceneRoot].ChxHYW1lUGVyaW9kaWNBY3Rpdml0aWVzLnByb3RvEhhjYy50aGVkcmVhbS5tbW8ucHJvdG9jYWwaDkdhbWVUYXNrLnByb3RvGhBFbnVtRGVmaW5lLnByb3RvGg1HYW1lQU9JLnByb3RvGhBTaGFyZWREYXRhLnByb3RvIkQKCE1pbmlHYW1lEhsKE21pbmlHYW1lUmV3YXJkVGltZXMYASABKA0SGwoTbWluaUdhbWVSZXdhcmRMaW1pdBgCIAEoDSKXAwoFVG93ZXISDAoEcGFzcxgBIAMoDRJDCgpidWZmU2hvcElkGAMgAygLMi8uY2MudGhlZHJlYW0ubW1vLnByb3RvY2FsLlRvd2VyLkJ1ZmZTaG9wSWRFbnRyeRIWCg5oYWRSZXZpdmVUaW1lcxgEIAEoDRIbChNhZGRpdGlvblJldml2ZVRpbWVzGAUgASgNEgwKBGNvaW4YBiABKA0SOQoFYmxlc3MYByADKAsyKi5jYy50aGVkcmVhbS5tbW8ucHJvdG9jYWwuVG93ZXIuQmxlc3NFbnRyeRIVCg1sYXN0V2Vla0xheWVyGAggASgNEhcKD2hpc3RvcnlNYXhMYXllchgJIAEoDRITCgthc3Npc3RUaW1lcxgKIAEoDRIXCg9maXJzdFBhc3NSZXdhcmQYCyADKA0aMQoPQnVmZlNob3BJZEVudHJ5EgsKA2tleRgBIAEoDRINCgV2YWx1ZRgCIAEoDToCOAEaLAoKQmxlc3NFbnRyeRILCgNrZXkYASABKA0SDQoFdmFsdWUYAiABKA06AjgBYgZwcm90bzM=MiniGameRewardTimesMiniGameRewardLimitPassBuffShopIdHadReviveTimesAdditionReviveTimesCoinBlessLastWeekLayerHistoryMaxLayerAssistTimesFirstPassRewardCg1HYW1lUGV0LnByb3RvEhhjYy50aGVkcmVhbS5tbW8ucHJvdG9jYWwaEEVudW1EZWZpbmUucHJvdG8aCkdhbWUucHJvdG8ijwgKA1BldBILCgN1aWQYASABKAYSEAoIc3RhdGljSWQYAiABKA0SDQoFbGV2ZWwYAyABKA0SDwoDZXhwGAQgASgNQgIYARIMCgRuYW1lGAUgASgJEg4KAmhwGAYgASgEQgIYARIVCgljaGFyYWN0ZXIYByABKA1CAhgBEhIKBnByZWZpeBgIIAEoDUICGAESNAoIcGV0U3RhdGUYCSABKA4yIi5jYy50aGVkcmVhbS5tbW8ucHJvdG9jYWwuUGV0U3RhdGUSFQoJcmVwbGV0aW9uGAogASgNQgIYARIQCghpbnRpbWFjeRgLIAEoDRIWCgphcHBlYXJhbmNlGAwgASgNQgIYARIVCglocFF1YWxpdHkYDSABKA1CAhgBEhwKEHBoeXNpY0Rwc1F1YWxpdHkYDiABKA1CAhgBEhsKD21hZ2ljRHBzUXVhbGl0eRgPIAEoDUICGAESIAo
global-metadata.dat,GameProtectHost_NetEase
global-metadata.dat,GameProtectHost_NetEaseGameKey
global-metadata.dat,GameProtectHost_Tencent
global-metadata.dat,GameProtectHost_TencentAppID
global-metadata.dat,GameProtectHost_TencentKey
global-metadata.dat,GameProtectManager
global-metadata.dat,GetInheritedAlpha
global-metadata.dat,GetInheritedInternal
global-metadata.dat,GetRefineLevelBySlot
global-metadata.dat,GuildPray
global-metadata.dat,GuildPrayExchangeInCd
global-metadata.dat,GuildPrayFieldNumber
global-metadata.dat,HasInheritedVariables
global-metadata.dat,IPProtectionLevel
global-metadata.dat,Inherit
global-metadata.dat,InheritColor
global-metadata.dat,InheritDuration
global-metadata.dat,InheritEverything
global-metadata.dat,InheritLifetime
global-metadata.dat,InheritNothing
global-metadata.dat,InheritOnly
global-metadata.dat,InheritRotation
global-metadata.dat,InheritSize
global-metadata.dat,InheritVelocityModule
global-metadata.dat,Inheritable
global-metadata.dat,InheritanceDemand
global-metadata.dat,InheritanceFlags
global-metadata.dat,InheritanceLevel
global-metadata.dat,Inherited
global-metadata.dat,InheritedObjectAceType
global-metadata.dat,InheritedObjectAceTypePresent
global-metadata.dat,InheritedStylesData
global-metadata.dat,InheritsGenericDefinition
global-metadata.dat,InheritsGenericDefinitionInternal
global-metadata.dat,InheritsRotation
global-metadata.dat,InheritsScale
global-metadata.dat,InitProtectHost
global-metadata.dat,InsertLineBreaks
global-metadata.dat,"Invalid high surrogate character (0x{0}). A high surrogate character must have a value from range (0xD800 - 0xDBFF).The surrogate pair (0x{0}, 0x{1}) is invalid. A high surrogate character (0xD800 - 0xDBFF) must always be paired with a low surrogate character (0xDC00 - 0xDFFF)._[Xx]([0-9a-fA-F]{4}|[0-9a-fA-F]{8})_(?<=_)[Xx]([0-9a-fA-F]{4}|[0-9a-fA-F]{8})__x-INFINFThe '{0}' value for the 'dateTimeOption' parameter is not an allowed value for the 'XmlDateTimeSerializationMode' enumeration.dateTimeOption##UriCarriage return (#xD), line feed (#xA), and tab (#x9) characters are not allowed in xs:normalizedString.line-feed (#xA) or tab (#x9) characters, leading or trailing spaces and sequences of one or more spaces (#x20) are not allowed in 'xs:token'.The empty string '' is not a valid local name.Wrong XML version information. The XML must match production ""VersionNum ::= '1.' [0-9]+"".Wrong value for the XML declaration standalone attribute of '{0}'.version=""Cannot create a node without an owner document.The namespace declaration attribute has an incorrect 'namespaceURI': '{0}'.The specified node cannot be inserted as the valid child of this node, because the specified node is the wrong type.Cannot insert the node in the specified location.Cannot import a null node.Cannot import nodes of type '{0}'.This document already has a 'DocumentType' node.This document already has a 'DocumentElement' node.This document already has an 'XmlDeclaration' node.#document#document-fragment#comment#text#cdata-section#entity#whitespace#significant-whitespaceThe 'InnerText' of a 'Document' node is read-only and cannot be set.FullTrustXmlResolver can be set only by fully trusted code.The 'Attribute' node cannot be inserted because it is already an attribute of another element.The local name for elements or attributes cannot be null or an empty string.IndentCharsNewLineCharsThe surrogate pair is invalid. Missing a low surrogate character.XmlWriterSettings.{0} can contain only valid XML white s"
global-metadata.dat,IsBreakAutopath
global-metadata.dat,IsBreakAutopathFieldNumber
global-metadata.dat,IsBreakpoint
global-metadata.dat,IsInherited
global-metadata.dat,IsMachineProtected
global-metadata.dat,IsUserProtected
global-metadata.dat,IsWordBreak
global-metadata.dat,Item BlockerDropdown.valueThe dropdown template is not assigned. The template needs to be assigned and must have a child GameObject with a Toggle component serving as the item.The dropdown template is not valid. The template must have a child GameObject with a Toggle component serving as the item.The dropdown template is not valid. The child GameObject with a Toggle component (the item) must have a RectTransform on its parent.The dropdown template is not valid. The Item Text must be on the item GameObject or children of it.The dropdown template is not valid. The Item Image must be on the item GameObject or children of it.Dropdown ListDrops{0}ZenyFX/Drops/{0}{1}{2}.prefab{0} X{1}FX/Drops/Pickup1.prefabFX/Drops/Pickup2.prefabFX/Drops/Pickup3.prefabFX/Drops/Pickup4.prefabinvalid arguments to DrunkenUnlitEffect constructor!StopLoopinvalid arguments to DrunkenUnlitEffect.Play!Shaders/Ro/DrunkenMat.matUI/Curve/DrunkenValueCurveAn XML error has occurred.'{0}' is an unqualified name and cannot contain the character ':'.'{0}' is an unexpected token. Expecting white space.Incomplete DTD content.A parameter entity reference is not allowed in internal markup.General entity '{0}' references itself.Parameter entity '{0}' references itself.docTypeNameAn internal error has occurred.spaceEnumeration data type required.preservedefaultlangAn attribute of type ID must have a declared default of either #IMPLIED or #REQUIRED.The attribute of type ID is already declared on the '{0}' element.No element type can have more than one NOTATION attribute specified.An attribute of type NOTATION must not be declared on an element declared EMPTY.'{0}' is a duplicate notation value.'{0}' is a duplicate enumeration value.-->Unexpected end of file while parsing {0} has occurred.The parameter entity replacement text must nest properly within markup declarations.The '{0}' element has already been declared.The '{0}' element already exists in the content model.Invalid content model.NDATAFragment identifie
global-metadata.dat,JeweleryLuckyPoint
global-metadata.dat,JeweleryRefineLevelNotEnough
global-metadata.dat,KEY_ACTOR_CAMERA_PROTECT
global-metadata.dat,LastEquipRefineChange
global-metadata.dat,LineBreakingTable
global-metadata.dat,LoadLinebreakingRules
global-metadata.dat,Luck
global-metadata.dat,LuckFieldNumber
global-metadata.dat,Lucky
global-metadata.dat,LuckyDiamond
global-metadata.dat,LuckyPoint
global-metadata.dat,LuckyPointFieldNumber
global-metadata.dat,LuckyPointMap
global-metadata.dat,LuckyPointMapFieldNumber
global-metadata.dat,Maid npc actor last time = KEY_ACTOR_CUSTOM_LOGICCameraProtectRelease Actor Error:Error  Remove Player Self
global-metadata.dat,MaskBreakBatch
global-metadata.dat,MaxEquipRefineLevel
global-metadata.dat,MaxEquipRefineLevelFieldNumber
global-metadata.dat,MoveVector: {1}Invalid ExtendedKeyUsage extension1.3.6.1.5.5.7.3.11.3.6.1.5.5.7.3.21.3.6.1.5.5.7.3.31.3.6.1.5.5.7.3.41.3.6.1.5.5.7.3.81.3.6.1.5.5.7.3.9Server AuthenticationClient AuthenticationCode SigningEmail ProtectionTime StampingOCSP Signing ({0}){1}Extended Key Usagebutton: clickTime: clickCount: device: pointerType: touchId: pressPosition: trackedDevicePosition: trackedDeviceOrientation: {0} on {1}Cannot cast {0} to {1}.Source value must be a JToken.Min ()   Max (External component has thrown an exception.Shaders/EyeHistogramHidden/Post FX/Eye AdaptationKEyeHistogram_Histogram_Source_ScaleOffsetResAUTO_KEY_VALUEleftEyePositionleftEyeRotationrightEyePositionrightEyeRotationfixationPointleftEyeOpenAmountrightEyeOpenAmountThe Pattern constraint failed.invalid arguments to FadeEffect constructor!SetTransitionShaders/Ro/FadeEffect.shader_FrontTexnormalattackmoveRoles/Player/Fairy/{0}.asset[{0}] roleActorEntity == nullAttackIdle_ControlNormalIdleRandomActionrandomMoveDirectionFashionItemActionInfoFashionItemInfoGeneralDressInfoFashionItemMountOffsetInfoFashionItemStainInfo
global-metadata.dat,NON_BREAKING_HYPHEN
global-metadata.dat,NO_BREAK
global-metadata.dat,NeedDoubleTicket
global-metadata.dat,NeedSingleTicket
global-metadata.dat,NetHTProtect
global-metadata.dat,NetSecProtect
global-metadata.dat,NoPropagateInherit
global-metadata.dat,ObjectInherit
global-metadata.dat,OnTaskBreakpoint
global-metadata.dat,OverEquipRefineShadow
global-metadata.dat,ParticleSystemInheritVelocityMode
global-metadata.dat,ProtectCameraLayer
global-metadata.dat,ProtectCameraOnly
global-metadata.dat,ProtectCameraOnlyLayer
global-metadata.dat,ProtectCameraOnlyMask
global-metadata.dat,ProtectEndTime
global-metadata.dat,ProtectEndTimeFieldNumber
global-metadata.dat,ProtectMachine
global-metadata.dat,ProtectTeamMember
global-metadata.dat,ProtectTeamMemberFieldNumber
global-metadata.dat,ProtectUser
global-metadata.dat,ProtectedInvokeCallback
global-metadata.dat,QueueTicket
global-metadata.dat,QueueTicketFieldNumber
global-metadata.dat,RaidTicketNotEnough
global-metadata.dat,Receive ToClientAuthResponse:SkillTips_1PetTips_16PetTips_17JobNotMatchTargetNoRequestSkillTip01targetMustBePlayerAutoBattle.AutoBattleModelSkillFailSkillSuccessFX/RoleEffect/Refine/refine_failed.prefabFX/RoleEffect/Refine/refine_success.prefabMisc/JobChangeOnReconnectSuccess by ToClientLoginResponseReceive ToClientLoginResponse:
global-metadata.dat,RefineLevel
global-metadata.dat,RefineLevelFieldNumber
global-metadata.dat,ResetBreak
global-metadata.dat,SLASH_NO_BREAK
global-metadata.dat,SeatInTimeProtection
global-metadata.dat,SeatProtection
global-metadata.dat,SeatProtectionFieldNumber
global-metadata.dat,SetBreak
global-metadata.dat,SetEquipListRefineLevel
global-metadata.dat,SetIPProtectionLevel
global-metadata.dat,ShadowRefineFxInfo
global-metadata.dat,"SpecifiedObject is null or not a subclass of UnityEngine.BehaviourPlayableDirector is nullRenderer is nullUnexpected token parsing date. Expected String, got {0}.yyyy'-'MM'-'dd'T'HH':'mm':'ss.FFFFFFFKUnexpected value when converting date. Expected DateTime or DateTimeOffset, got {0}.ItemCardInfoItemV2InfoObject serialized to {0}. JArray instance expected.Error reading JArray from JsonReader.Error reading JArray from JsonReader. Current JsonReader item is not an array: {0}Additional text found in JSON string after parsing content.Accessed JArray values with invalid key value: {0}. Int32 array index expected.Set JArray values with invalid key value: {0}. Int32 array index expected.Error reading JConstructor from JsonReader.Error reading JConstructor from JsonReader. Current JsonReader item is not a constructor: {0}Constructor name cannot be empty.Accessed JConstructor values with invalid key value: {0}. Argument position index expected.Set JConstructor values with invalid key value: {0}. Argument position index expected.Cannot change {0} during a collection change event.arrayIndex is less than 0.arrayIndex is equal to or greater than the length of array.The number of elements in the source JObject is greater than the available space from arrayIndex to the end of the destination array.Argument is not a JToken.Index must be within the bounds of the List.Unexpected merge array handling when merging JSON.The JsonReader should not be on a token of type {0}.Error reading {0} from JsonReader.Unexpected end of content while loading {0}.Index is less than 0.Index is equal to or greater than Count.Could not determine new value to add to '{0}'.New item to be added to collection must be compatible with {0}.Can not add {0} to {1}.enumerableObject serialized to {0}. JObject instance expected.Error reading JObject from JsonReader.Error reading JObject from JsonReader. Current JsonReader item is not an object: {0}Can not add property {0} to {1}. Property with the same name already ex"
global-metadata.dat,StarListRewardNotEnoughTicket
global-metadata.dat,System.Security.Authentication.ExtendedProtection
global-metadata.dat,SystemAclAutoInheritRequired
global-metadata.dat,SystemAclAutoInherited
global-metadata.dat,SystemAclProtected
global-metadata.dat,SystemBreak
global-metadata.dat,SystemDebuggerBreak
global-metadata.dat,ToClientBreakAwayResponse
global-metadata.dat,ToClientEquipRefineAoiResultNotify
global-metadata.dat,ToClientEquipmentInheritAppraisalResponse
global-metadata.dat,ToClientEquipmentRefineResponse
global-metadata.dat,ToClientExchangeGuildPrayResponse
global-metadata.dat,ToClientGashaponLuckyDrawAllNotify
global-metadata.dat,ToClientGashaponLuckyDrawCurrentNotify
global-metadata.dat,ToClientGashaponLuckyDrawLotteryNotify
global-metadata.dat,ToClientGuildPrayResponse
global-metadata.dat,ToClientPinnacleRaceEquipmentRefineResponse
global-metadata.dat,ToClientRefineLvSwapResponse
global-metadata.dat,ToClientShadowWeaponInheritancePreCostResponse
global-metadata.dat,ToClientShadowWeaponInheritanceResponse
global-metadata.dat,ToFriendLuckyDrawAddTallyRequest
global-metadata.dat,ToFriendLuckyDrawAllRequest
global-metadata.dat,ToFriendLuckyDrawCurrentRequest
global-metadata.dat,ToFriendLuckyDrawInitRequest
global-metadata.dat,ToFriendLuckyDrawRemindRequest
global-metadata.dat,ToGameLuckyDrawAddTallyResponse
global-metadata.dat,ToGameLuckyDrawAllResponse
global-metadata.dat,ToGameLuckyDrawCurrentResponse
global-metadata.dat,ToGameLuckyDrawRemindResponse
global-metadata.dat,ToGlobalPokerPhantomGetJokerLuckyRewardRequest
global-metadata.dat,ToPokerPhantomGetJokerLuckyRewardResponse
global-metadata.dat,ToeBreak
global-metadata.dat,UI/Curve/TestConstantData1invalid arguments to TestWrap100 constructor!TestWrap100.Testinvalid arguments to TestWrap10 constructor!TestWrap10.Testinvalid arguments to TestWrap11 constructor!TestWrap11.Testinvalid arguments to TestWrap12 constructor!TestWrap12.Testinvalid arguments to TestWrap13 constructor!TestWrap13.Testinvalid arguments to TestWrap14 constructor!TestWrap14.Testinvalid arguments to TestWrap15 constructor!TestWrap15.Testinvalid arguments to TestWrap16 constructor!TestWrap16.Testinvalid arguments to TestWrap17 constructor!TestWrap17.Testinvalid arguments to TestWrap18 constructor!TestWrap18.Testinvalid arguments to TestWrap19 constructor!TestWrap19.Testinvalid arguments to TestWrap1 constructor!TestWrap1.Testinvalid arguments to TestWrap20 constructor!TestWrap20.Testinvalid arguments to TestWrap21 constructor!TestWrap21.Testinvalid arguments to TestWrap22 constructor!TestWrap22.Testinvalid arguments to TestWrap23 constructor!TestWrap23.Testinvalid arguments to TestWrap24 constructor!TestWrap24.Testinvalid arguments to TestWrap25 constructor!TestWrap25.Testinvalid arguments to TestWrap26 constructor!TestWrap26.Testinvalid arguments to TestWrap27 constructor!TestWrap27.Testinvalid arguments to TestWrap28 constructor!TestWrap28.Testinvalid arguments to TestWrap29 constructor!TestWrap29.Testinvalid arguments to TestWrap2 constructor!TestWrap2.Testinvalid arguments to TestWrap30 constructor!TestWrap30.Testinvalid arguments to TestWrap31 constructor!TestWrap31.Testinvalid arguments to TestWrap32 constructor!TestWrap32.Testinvalid arguments to TestWrap33 constructor!TestWrap33.Testinvalid arguments to TestWrap34 constructor!TestWrap34.Testinvalid arguments to TestWrap35 constructor!TestWrap35.Testinvalid arguments to TestWrap36 constructor!TestWrap36.Testinvalid arguments to TestWrap37 constructor!TestWrap37.Testinvalid arguments to TestWrap38 constructor!TestWrap38.Testinvalid arguments to TestWrap39 constructor!TestWrap39.Testinvalid arguments to TestWrap
global-metadata.dat,UnprotectedGetEvidence
global-metadata.dat,UpdateEquipRefineFx
global-metadata.dat,UseUserProtectedKey
global-metadata.dat,UserProtected
global-metadata.dat,WORD_BREAK
global-metadata.dat,"Warning: Named variable on reference task  (id ) is null{0}: {1} {2}PausingDisabling{0}: {1}: Interrupt task {2} ({3}) with index {4} at stack index {5}{0}: Task {1} ({2}, index {3}) {4}The behavior ""{0}"" on GameObject ""{1}"" contains no root task. This behavior will be disabled.The behavior ""{0}"" on GameObject ""{1}"" contains a parent task ({2} (index {3})) with no children. This behavior will be disabled.The behavior ""{0}"" on GameObject ""{1}"" cannot find the referenced external task. This behavior will be disabled.The behavior ""{0}"" on GameObject ""{1}"" contains a null task (referenced from parent task {2} (index {3})). This behavior will be disabled.The behavior ""{0}"" on GameObject ""{1}"" contains multiple external behavior trees at the root task or as a child of a parent task which cannot contain so many children (such as a decorator task). This behavior will be disabled.The behavior ""{0}"" on GameObject ""{1}"" contains a Behavior Tree Reference task ({2} (index {3})) that which has an element with a null value in the externalBehaviors array. This behavior will be disabled.The behavior ""{0}"" on GameObject ""{1}"" contains a root task which is disabled. This behavior will be disabled.PlayMaker FSMuScript GraphDialogue SystemuSequencer sequenceOnly one behavior can be mapped to the same instance of the {0}.{0}: {1}: Pop task {2} ({3}, index {4}) at stack index {5} with status {6}{0}: {1}: Push task {2} ({3}, index {4}) at stack index {5}{0}: {1}: Conditional abort with task {2} ({3}, index {4}) because of conditional task {5} ({6}, index {7}) with status {8}{0}: Restarting {1}{0}: {1}: More than the specified number of task executions per tick ({2}) have executed, returning early.{0}: {1}: Skip task {2} ({3}, index {4}) at stack index {5} (task disabled)CoroutineUpdateBehaviorDesigner.Runtime.BehaviorManager_DialogueSystemStopDialogueSystemBehaviorDesigner.Runtime.BehaviorManager_PlayMakerStopPlayMakerBehaviorDesigner.Runtime.BehaviorManager_uScriptStopuScriptBehaviorDesi"
global-metadata.dat,WeaponLuckyPoint
global-metadata.dat,WeaponRefineLevelNotEnough
global-metadata.dat,_IsMachineProtected
global-metadata.dat,_IsUserProtected
global-metadata.dat,_ProtectMachine
global-metadata.dat,_ProtectUser
global-metadata.dat,_actionBreak
global-metadata.dat,_breakPosToServer
global-metadata.dat,_canBreak
global-metadata.dat,_g_get_CameraProtectMask
global-metadata.dat,_g_get_hideProtect
global-metadata.dat,_inheritanceLevel
global-metadata.dat,_m_GetRefineLevelBySlot
global-metadata.dat,_m_InitProtectHost
global-metadata.dat,_map_guildPray_codec
global-metadata.dat,_map_luckyPointMap_codec
global-metadata.dat,_repeated_seatProtection_codec
global-metadata.dat,_s_set_CameraProtectMask
global-metadata.dat,abort_protected_block_count
global-metadata.dat,actionBreak
global-metadata.dat,bInheritHandle
global-metadata.dat,base64LineBreakPosition
global-metadata.dat,breakForce
global-metadata.dat,breakTorque
global-metadata.dat,breakpointTree
global-metadata.dat,custom styles is nullboxbuttontogglelabelwindowtextfieldtextareahorizontalsliderhorizontalsliderthumbverticalsliderverticalsliderthumbhorizontalscrollbarhorizontalscrollbarthumbhorizontalscrollbarleftbuttonhorizontalscrollbarrightbuttonverticalscrollbarverticalscrollbarthumbverticalscrollbarupbuttonverticalscrollbardownbuttonscrollviewHorizontalSliderThumbExtenthorizontalsliderthumbextentVerticalSliderThumbExtentverticalsliderthumbextentUnable to find style '' in skin '' <called outside OnGUI>StyleNotFoundErrorGUIStyle '{0}'Copied style is null. Using StyleNotFound instead.Unable to use a named GUIStyle without a current skin. Most likely you need to move your GUIStyle initialization code to OnGUIGUIText has been removed from Unity. Use UI.Text instead.You can only call GUI functions from inside OnGUI.You are trying to create a SelectionGrid with zero or less elements to be displayed in the horizontal direction. Set xCount to a positive value.contentsEnablednull texture passed to GUI.DrawTexturethumbleftbuttonrightbuttonupbuttondownbuttonBoxrepeatButtonButtonGridBeginGroupscrollViewGZipStreamThis operation is not supported.Can not access a closed Stream.UTF-8Illegal filenameCg1HYW1lQU9JLnByb3RvEhhjYy50aGVkcmVhbS5tbW8ucHJvdG9jYWwaEEdhbWVCYXR0bGUucHJvdG8aEEVudW1EZWZpbmUucHJvdG8aDENvbW1vbi5wcm90byJUChVBT0lCZWhhdmlvclR1cm5Ob3RpZnkSCwoDdWlkGAEgASgGEg0KBXBvc194GAIgASgCEg0KBXBvc195GAMgASgCEhAKCHR1cm5IZWFkGAQgASgIInEKEkFPSUNoYW5nZUxvYWRFcXVpcBILCgN1aWQYASABKAYSPAoMZXF1aXBTdW1tYXJ5GAIgASgLMiYuY2MudGhlZHJlYW0ubW1vLnByb3RvY2FsLkVxdWlwU3VtbWFyeRIQCghpc0xvYWRlZBgDIAEoCCI9ChZBT0lDaGFuZ2VQaGFudG9tU3dpdGNoEgsKA3VpZBgBIAEoBhIWCg5waGFudG9tX3N3aXRjaBgCIAEoCCKZBAoRQU9JQ3JlYXR1cmVEZXRhaWwSDwoHaXNfcm9sZRgBIAEoCBI9CgdzdW1tYXJ5GAIgASgLMiwuY2MudGhlZHJlYW0ubW1vLnByb3RvY2FsLkFPSUNyZWF0dXJlU3VtbWFyeRIQCghmb3JjZV9pZBgFIAEoAxI7CgRidWZmGAYgAygLMi0uY2MudGhlZHJlYW0ubW1vLnByb3RvY2FsLkFkZEJ1ZmZBY3Rpb25Ob3RpZnkSQAoMcm9sZV9zdW1tYXJ5GAMgASgLMiguY2MudGhlZHJlYW0ubW1vLnByb3RvY2FsLkFPSVJvbGVTdW1tYXJ5SAASPgo
global-metadata.dat,exchangeGuildPrayRefreshTime_
global-metadata.dat,extendedProtectionPolicy
global-metadata.dat,fRefine
global-metadata.dat,forceBreak
global-metadata.dat,gameLuckyDrawInfo_
global-metadata.dat,get_AreAccessRulesProtected
global-metadata.dat,get_AreAuditRulesProtected
global-metadata.dat,get_BreakLabel
global-metadata.dat,get_BreakpointTree
global-metadata.dat,get_ExchangeGuildPrayRefreshTime
global-metadata.dat,get_GameLuckyDrawInfo
global-metadata.dat,get_GuildPray
global-metadata.dat,get_HasInheritedVariables
global-metadata.dat,get_InheritanceLevel
global-metadata.dat,get_Inherited
global-metadata.dat,get_InheritedObjectAceType
global-metadata.dat,get_InheritedObjectAceTypePresent
global-metadata.dat,get_IsBreakAutopath
global-metadata.dat,get_IsBreakpoint
global-metadata.dat,get_IsInherited
global-metadata.dat,get_LastEquipRefineChange
global-metadata.dat,get_Luck
global-metadata.dat,get_LuckyPoint
global-metadata.dat,get_LuckyPointMap
global-metadata.dat,get_MaxEquipRefineLevel
global-metadata.dat,get_OnTaskBreakpoint
global-metadata.dat,get_ProtectEndTime
global-metadata.dat,get_ProtectTeamMember
global-metadata.dat,get_QueueTicket
global-metadata.dat,get_RefineLevel
global-metadata.dat,get_SeatProtection
global-metadata.dat,get_ShadowRefineFxInfo
global-metadata.dat,get_breakForce
global-metadata.dat,get_breakTorque
global-metadata.dat,get_hideProtect
global-metadata.dat,get_inheritParticleColor
global-metadata.dat,get_inheritParticleColor_Injected
global-metadata.dat,get_inheritVelocity
global-metadata.dat,get_inheritedStyle
global-metadata.dat,get_inheritedStylesData
global-metadata.dat,get_linebreakingRules
global-metadata.dat,get_useModernHangulLineBreakingRules
global-metadata.dat,guildPray_
global-metadata.dat,hasInheritedVariables
global-metadata.dat,hideProtect
global-metadata.dat,hide_debug_consoleRO_Debug = falseTUazfRVevGFJcvbw5yc7vfugjqxhR1GGRKf3fK9pR/WindowsLoadFieldLoadLocalBoxLoadLocalLoadLocalClosureLoadObject(LoadObjectLoadStaticField{0:0.00} ({1:0.00}ms) #Async {2}{0:0.00} ({1:0.00}kb) {2} {3}#LuaIO#LuaCache{0:0.00} ({1:0.00}ms) #Sync {2}Cg9Mb2NhbERhdGEucHJvdG8SFGNjLnRoZWRyZWFtLm1tby5kYXRhIiwKCVBCVmVjdG9yMxIJCgF4GAEgASgCEgkKAXkYAiABKAISCQoBehgDIAEoAiLgAgoJU2NlbmVJbmZvEhAKCFN0YXRpY0lkGAEgASgFEg0KBUlzUHZwGAIgASgIEgwKBE5hbWUYAyABKAkSDAoEVHlwZRgEIAEoBRINCgVSZXNJZBgFIAEoBRIOCgZpc0NpdHkYByABKAgSEAoIZ3JpZFNpemUYCCABKAUSEgoKYWxsb3dIb3JzZRgJIAEoCBISCgpTbWFsbE1hcElEGAogAygFEhgKEGFsbG93QmF0dGxlSG9yc2UYCyABKAgSDgoGaXNPcGVuGAwgASgIEiwKA3BvcxgNIAEoCzIfLmNjLnRoZWRyZWFtLm1tby5kYXRhLlBCVmVjdG9yMxISCgpTdGF0aWNUaW1lGA4gASgFEhUKDVN0YXRpY1dlYXRoZXIYDyABKAUSDwoHaXNmb3JjZRgQIAEoBRIUCgxza2lsbGRpc2FibGUYESADKAUSEwoLSXNTaG93SFBCb3gYEiABKAgiogEKDFNjZW5lTnBjSW5mbxIQCgh1bmlxdWVJZBgBIAEoAxIQCghzdGF0aWNJZBgCIAEoBRIsCgNwb3MYAyABKAsyHy5jYy50aGVkcmVhbS5tbW8uZGF0YS5QQlZlY3RvcjMSMQoIcm90YXRpb24YBSABKAsyHy5jYy50aGVkcmVhbS5tbW8uZGF0YS5QQlZlY3RvcjMSDQoFc3RhdGUYBiABKAUiYAoTU2NlbmVEeW5hbWljTlBDSW5mbxINCgVyZXNJRBgBIAEoBRI6Cg5zY2VuZUdlbmVyYXRvchgCIAMoCzIiLmNjLnRoZWRyZWFtLm1tby5kYXRhLlNjZW5lTnBjSW5mbyKzAQoWU2NlbmVEeW5hbWljTlBDSW5mb01hcBJCCgNNYXAYASADKAsyNS5jYy50aGVkcmVhbS5tbW8uZGF0YS5TY2VuZUR5bmFtaWNOUENJbmZvTWFwLk1hcEVudHJ5GlUKCE1hcEVudHJ5EgsKA2tleRgBIAEoBRI4CgV2YWx1ZRgCIAEoCzIpLmNjLnRoZWRyZWFtLm1tby5kYXRhLlNjZW5lRHluYW1pY05QQ0luZm86AjgBInwKEUNvbXBsZXhBY3Rpb25JbmZvEgoKAmlkGAEgASgFEhYKDnBsYXllckFjdGlvbklkGAIgAygFEg4KBnR5cGVJZBgDIAMoBRIQCghhY3Rpb25JZBgEIAMoBRISCgphY3Rpb25UeXBlGAUgAygFEg0KBWRlbGF5GAYgAygFIq0BChRDb21wbGV4QWN0aW9uSW5mb01hcBJACgNNYXAYASADKAsyMy5jYy50aGVkcmVhbS5tbW8uZGF0YS5Db21wbGV4QWN0aW9uSW5mb01hcC5NYXBFbnRyeRpTCghNYXBFbnRyeRILCgNrZXkYASABKAUSNgoFdmFsdWUYAiABKAsyJy5jYy50aGVkcmVhbS5tbW8uZGF0YS5Db21wbGV4QWN0aW9uSW5mbzoCOAEiQQoRQnVuZGxlT3B0UGF0aEluZm8SDAoEUGF0aBgBIAEoCRINCgVpc0RpchgCIAEoCBIPCgd1c2VUeXBlGAMgASgFIq0BChRCdW5kbGVPcHRQYXRoSW5mb01hcBJACgNNYXAYASADKAsyMy5j
global-metadata.dat,"http{0}?ts={2}&sign={3}?ts=&CoalescingBranchInvalid enum {0}stateIPermissionclassInvalid permission type '{0}', expected type '{1}'.RefillBuffer() called when buffer wasn't empty.Stream.Read returned a negative countMismatched end-group tag. Started with field {0}; ended with field {1}SkipLastField cannot be called at the end of a streamSkipLastField called on an end-group tag, indicating that the corresponding start-group was missingsizeLimitSize limit must be positiverecursionLimit!Recursion limit must be positiveOffset must be within the bufferLength must be non-negative and within the bufferDid not write as much data as expected.SpaceLeft can only be called on CodedOutputStreams that are writing to a flat array.Cannot remove the specified item because it was not found in the specified Collection.(Collection)dictionaryinitialsourceCannot deserialize non-cubical array as multidimensional array.Wrapped ICollection<T> does not support IndexOf.Wrapped ICollection<T> does not support Insert.Wrapped ICollection<T> does not support RemoveAt.Wrapped ICollection<T> does not support indexer.The value '{0}' is not of type '{1}' and cannot be used in this generic collection.Layout builder '{0}' returned null when invokedCannot find base layout '{0}' of layout '{1}'Cannot get contact at index {0}. There are {1} contact(s).Cannot get contacts as the provided list is NULL.Cannot get contacts as the provided array is NULL.RGBA({0}, {1}, {2}, {3})Invalid Color32 index()!rgbaColor Grading Log LUTHidden/Post FX/Lut GeneratorTONEMAPPING_NEUTRALTONEMAPPING_FILMICInternal Curves TextureCOLOR_GRADINGCOLOR_GRADING_LOG_VIEWRuntimeInspector/ColorPicker{0:X2}{1:X2}{2:X2}{3:X2}{0:X2}{1:X2}{2:X2}RGBA({0:F3}, {1:F3}, {2:F3}, {3:F3})Invalid Color index(objectTypeinstanceRequestCombine Repeat skeleton:Combine Success:invalid arguments to CommandBufferBlur constructor!CleanupOnEnableOnDisableInitialized_BlurRadiusShaders/SeparableGlassBlurForSea.shaderBlur screen_ScreenCopyTextureGrab0_Temp1_Gra"
global-metadata.dat,immediateBreakup
global-metadata.dat,inherit
global-metadata.dat,inheritDeform
global-metadata.dat,inheritParticleColor
global-metadata.dat,inheritVelocity
global-metadata.dat,inheritanceFlags
global-metadata.dat,inheritanceLevel
global-metadata.dat,inherited
global-metadata.dat,inheritedOnly
global-metadata.dat,inheritedStyle
global-metadata.dat,inheritedStylesData
global-metadata.dat,inheritedType
global-metadata.dat,inherited_object_type
global-metadata.dat,insertLineBreaks
global-metadata.dat,isBreakAutopath_
global-metadata.dat,isBreakpoint
global-metadata.dat,isNonBreakingSpace
global-metadata.dat,isNonProtectedInternal
global-metadata.dat,k_HandleHorizontalLineBreakingMarker
global-metadata.dat,k_HandleVerticalLineBreakingMarker
global-metadata.dat,k_NarrowNoBreakSpace
global-metadata.dat,k_NoBreakSpace
global-metadata.dat,k_NonBreakingHyphen
global-metadata.dat,linebreakingRules
global-metadata.dat,luck_
global-metadata.dat,luckyPointMap_
global-metadata.dat,luckyPoint_
global-metadata.dat,m_EquipRefineFxInfo
global-metadata.dat,m_InheritPosition
global-metadata.dat,m_InheritedStylesData
global-metadata.dat,m_InheritingPosition
global-metadata.dat,m_IsNonBreakingSpace
global-metadata.dat,m_LastEquipRefineChange
global-metadata.dat,m_SavedSoftLineBreakState
global-metadata.dat,m_UseModernHangulLineBreakingRules
global-metadata.dat,m_hideProtect
global-metadata.dat,m_inherited
global-metadata.dat,m_isInherited
global-metadata.dat,m_isNonBreakingSpace
global-metadata.dat,m_linebreakingRules
global-metadata.dat,m_seatProtection
global-metadata.dat,maxEquipRefineLevel_
global-metadata.dat,needsProtection
global-metadata.dat,obstacleProtect
global-metadata.dat,onTaskBreakpoint
global-metadata.dat,previousWordBreak
global-metadata.dat,previous_WordBreak
global-metadata.dat,protect
global-metadata.dat,protectEndTime_
global-metadata.dat,protectTeamMember_
global-metadata.dat,queueTicket_
global-metadata.dat,refineEffect_cy
global-metadata.dat,refineLevel_
global-metadata.dat,s_Break
global-metadata.dat,s_BreakTrigger
global-metadata.dat,seatProtection_
global-metadata.dat,set_BreakpointTree
global-metadata.dat,set_ExchangeGuildPrayRefreshTime
global-metadata.dat,set_GameLuckyDrawInfo
global-metadata.dat,set_HasInheritedVariables
global-metadata.dat,set_Inherited
global-metadata.dat,set_InheritedObjectAceType
global-metadata.dat,set_IsBreakAutopath
global-metadata.dat,set_IsBreakpoint
global-metadata.dat,set_Luck
global-metadata.dat,set_LuckyPoint
global-metadata.dat,set_MaxEquipRefineLevel
global-metadata.dat,set_OnTaskBreakpoint
global-metadata.dat,set_ProtectEndTime
global-metadata.dat,set_ProtectTeamMember
global-metadata.dat,set_QueueTicket
global-metadata.dat,set_RefineLevel
global-metadata.dat,set_SeatProtection
global-metadata.dat,set_breakForce
global-metadata.dat,set_breakTorque
global-metadata.dat,set_inheritParticleColor
global-metadata.dat,set_inheritParticleColor_Injected
global-metadata.dat,set_useModernHangulLineBreakingRules
global-metadata.dat,symmetryBreakingBias
global-metadata.dat,updateProtect
global-metadata.dat,useModernHangulLineBreakingRules
global-metadata.dat,wantBreak
